compactness,circularity,distance_circularity,radius_ratio,pr_axis,max_length_aspect_ratio,scatter_ratio,elongatedness,pr_axis_rectangularity,max_length_rect,scaled_var_major_axis,scaled_var_minor_axis,scaled_radius_of_gyration,skewness_major_axis,skewness_minor_axis,kurtosis_minor_axis,kurtosis_major_axis,hollows_ratio,vehicle_name
90,47,85.0,161,64,10,163,42,20,160,177,389,185.0,73,9,0,185.0,195,van
102,52,101.0,213,64,10,203,33,23,157,214,616,186.0,65,0,19,193.0,203,opel
105,53,108.0,206,63,12,222,31,25,168,226,712,201.0,71,15,35,189.0,203,saab
115,52,100.0,203,62,10,217,31,24,165,229,697,214.0,72,14,4,188.0,197,saab
109,55,96.0,191,57,6,241,28,26,170,267,857,242.0,85,8,9,184.0,184,bus
91,35,66.0,159,59,7,147,45,19,131,169,322,123.0,64,1,1,197.0,203,opel
98,58,101.0,208,65,12,226,30,25,182,225,748,216.0,71,6,1,185.0,196,opel
96,37,74.0,187,68,8,159,42,20,134,183,378,134.0,69,3,16,190.0,197,saab
88,35,60.0,143,59,7,128,52,18,129,147,246,109.0,62,1,6,202.0,209,van
86,38,76.0,143,59,8,142,47,18,131,167,301,138.0,71,5,10,189.0,196,van
84,43,70.0,123,54,8,151,45,19,146,173,332,176.0,81,1,12,181.0,184,bus
89,44,68.0,113,50,7,150,45,19,147,171,328,189.0,88,6,5,179.0,182,bus
90,43,72.0,172,59,8,154,42,19,144,174,360,158.0,61,15,9,203.0,209,saab
80,39,60.0,122,56,6,139,49,18,131,151,281,142.0,80,0,5,179.0,186,opel
94,39,75.0,184,72,8,155,42,19,133,175,365,145.0,70,4,5,,200,bus
91,42,66.0,142,58,9,134,50,18,142,163,268,164.0,69,6,5,191.0,197,van
100,43,92.0,197,62,10,180,36,21,143,200,489,153.0,64,6,9,195.0,205,saab
86,37,69.0,150,63,8,138,48,18,134,163,284,124.0,71,1,6,189.0,195,van
107,57,102.0,184,55,7,234,28,26,171,243,822,229.0,77,7,11,187.0,187,bus
86,46,70.0,149,65,8,149,45,19,146,170,331,185.0,77,6,6,183.0,188,bus
98,39,68.0,121,49,7,134,51,18,142,164,261,134.0,75,4,1,186.0,186,van
98,51,84.0,207,72,7,184,35,21,161,199,520,198.0,72,9,11,196.0,199,bus
95,53,95.0,202,65,10,193,34,22,160,220,559,237.0,71,3,2,188.0,196,saab
85,40,75.0,137,56,7,152,44,19,134,173,339,160.0,76,7,16,182.0,187,saab
94,36,66.0,151,61,8,133,50,18,135,154,265,119.0,62,9,3,201.0,208,van
103,56,105.0,183,59,10,210,32,24,173,217,648,218.0,72,13,22,188.0,196,opel
86,44,65.0,129,56,6,152,45,19,150,168,331,177.0,83,4,13,178.0,183,bus
96,44,85.0,166,66,10,155,43,19,150,167,355,159.0,67,3,10,192.0,202,van
80,36,69.0,127,56,7,128,53,18,124,147,240,133.0,70,2,21,183.0,191,opel
107,53,108.0,211,63,11,219,31,25,168,228,704,198.0,69,10,21,190.0,203,saab
108,53,104.0,181,56,11,220,31,25,167,226,712,214.0,72,15,18,189.0,199,saab
90,46,75.0,133,55,11,160,43,20,161,173,369,171.0,77,0,16,,192,van
81,46,71.0,141,61,7,153,44,19,148,177,347,190.0,80,1,14,182.0,187,bus
86,42,,122,54,6,148,46,19,143,170,319,171.0,87,1,3,179.0,182,bus
80,43,71.0,133,60,7,150,45,19,146,170,330,176.0,81,6,15,180.0,184,bus
103,50,98.0,212,63,9,193,34,22,161,214,567,185.0,64,5,5,198.0,204,opel
82,44,72.0,136,61,7,147,46,19,143,173,317,183.0,81,6,17,181.0,185,bus
88,40,79.0,183,62,7,176,38,21,138,200,462,150.0,66,0,29,189.0,199,opel
90,36,85.0,184,64,6,160,41,20,125,187,385,139.0,66,9,31,195.0,203,saab
104,49,89.0,168,54,4,212,31,24,153,238,682,198.0,78,1,23,190.0,189,bus
109,53,103.0,210,63,11,219,30,25,172,229,707,212.0,71,6,3,188.0,199,saab
104,54,91.0,209,67,11,218,31,24,170,223,697,196.0,74,4,21,187.0,196,opel
101,56,101.0,231,72,10,217,31,24,171,232,698,216.0,72,2,6,187.0,197,saab
88,34,69.0,152,57,5,138,48,18,122,158,284,120.0,62,9,29,204.0,210,opel
91,39,77.0,153,59,8,139,48,18,139,159,289,123.0,62,8,17,201.0,209,van
94,37,72.0,193,72,6,158,41,19,133,184,385,127.0,70,0,14,200.0,204,bus
103,41,83.0,194,63,9,175,38,21,142,199,455,138.0,65,7,30,197.0,206,opel
115,51,100.0,201,60,12,196,34,23,162,207,573,184.0,62,22,1,198.0,208,saab
104,55,107.0,222,68,11,218,31,24,173,232,703,229.0,71,3,10,188.0,199,saab
98,46,88.0,191,63,6,192,34,22,147,215,563,174.0,73,2,26,194.0,197,bus
78,36,60.0,116,56,6,123,55,17,124,141,221,121.0,78,3,16,178.0,185,opel
101,53,91.0,194,65,6,204,32,23,161,231,636,214.0,78,5,14,192.0,192,bus
90,49,83.0,187,63,7,176,37,21,154,205,467,222.0,70,1,2,189.0,195,saab
95,47,81.0,176,59,7,168,39,20,152,196,425,185.0,67,4,4,191.0,198,saab
87,39,74.0,152,58,6,151,44,19,136,174,337,140.0,70,1,33,187.0,196,saab
98,49,84.0,219,74,7,190,34,22,154,208,558,209.0,74,4,7,195.0,195,bus
99,47,91.0,226,74,5,202,32,23,148,234,629,186.0,79,4,11,192.0,191,bus
86,36,77.0,165,60,7,150,45,19,128,174,331,131.0,66,0,32,196.0,203,saab
119,54,106.0,220,65,12,213,31,24,167,223,675,232.0,66,20,1,192.0,202,saab
89,45,81.0,246,102,43,155,44,20,160,200,347,177.0,90,9,17,183.0,192,van
96,55,98.0,161,54,10,215,31,24,175,226,683,221.0,76,3,6,185.0,193,opel
89,44,76.0,125,54,10,156,44,20,151,163,352,176.0,76,12,12,184.0,193,van
103,56,100.0,185,59,11,216,31,24,173,219,684,219.0,75,15,11,186.0,194,opel
97,45,91.0,161,63,10,151,45,19,148,166,334,171.0,65,18,20,197.0,205,van
91,46,75.0,185,75,7,154,42,19,147,178,362,192.0,72,8,8,192.0,199,bus
89,47,83.0,322,133,48,158,43,20,163,229,364,176.0,97,0,14,184.0,194,van
94,36,68.0,127,54,7,127,52,18,132,155,242,116.0,66,1,2,195.0,196,van
103,54,91.0,179,57,11,220,31,25,170,220,707,198.0,72,1,32,186.0,198,opel
98,54,104.0,186,59,10,213,32,24,172,223,665,,73,1,26,186.0,195,opel
102,45,85.0,193,64,6,192,33,22,146,217,570,163.0,76,6,7,195.0,193,bus
91,36,60.0,126,56,6,119,56,17,130,139,211,118.0,67,6,14,192.0,198,van
107,55,98.0,199,59,7,240,27,26,168,258,866,245.0,80,3,1,186.0,184,bus
80,45,,128,56,7,151,45,19,147,171,337,176.0,79,3,16,181.0,187,bus
88,44,70.0,151,61,8,143,46,18,143,163,311,173.0,68,7,8,196.0,203,bus
96,36,74.0,183,70,6,149,43,19,127,178,341,127.0,69,0,17,201.0,205,bus
86,48,75.0,136,58,10,161,43,20,163,170,371,185.0,75,3,1,183.0,192,van
93,39,,180,59,9,167,39,20,134,186,418,129.0,63,6,17,197.0,204,saab
91,40,83.0,166,60,8,160,41,20,133,189,383,,72,5,7,186.0,191,saab
90,37,80.0,171,58,9,157,42,20,132,172,373,115.0,60,3,18,201.0,209,saab
96,49,98.0,187,59,6,213,31,24,152,228,680,210.0,77,8,28,188.0,189,bus
97,43,73.0,173,65,6,153,42,19,143,176,361,172.0,66,13,1,200.0,204,bus
79,39,72.0,127,53,9,142,48,19,135,165,295,144.0,77,7,21,181.0,189,opel
84,38,83.0,141,54,7,149,45,19,132,177,327,149.0,74,6,29,185.0,191,saab
90,48,78.0,134,56,11,160,43,20,167,169,366,185.0,76,1,14,182.0,192,van
106,53,98.0,193,60,10,215,31,24,169,224,681,218.0,73,8,21,188.0,197,saab
73,37,53.0,111,54,6,126,55,18,128,135,227,147.0,82,1,15,176.0,184,opel
98,55,108.0,168,53,11,224,30,25,178,231,737,217.0,73,8,30,187.0,198,opel
91,36,72.0,162,60,8,150,44,19,133,166,334,121.0,63,2,22,196.0,205,saab
88,40,73.0,173,68,7,150,44,19,137,174,341,151.0,69,2,20,196.0,200,bus
103,54,107.0,218,64,12,222,30,25,174,221,728,,67,0,18,189.0,200,opel
93,42,64.0,158,68,9,134,49,18,142,163,268,170.0,71,7,13,192.0,201,van
99,55,101.0,206,62,13,222,30,25,180,225,722,213.0,71,2,3,186.0,196,opel
106,49,96.0,201,61,10,181,36,21,158,197,494,180.0,62,19,15,202.0,209,opel
99,55,101.0,219,68,10,224,30,25,178,228,737,213.0,74,11,20,187.0,196,opel
97,42,101.0,186,59,9,186,36,22,138,208,511,168.0,67,7,41,194.0,206,saab
93,45,81.0,177,64,7,160,41,20,147,180,383,188.0,70,11,11,192.0,199,saab
82,43,73.0,154,65,7,151,44,19,143,178,341,160.0,76,5,11,185.0,189,bus
97,47,81.0,183,64,8,168,39,20,150,193,426,182.0,70,11,2,192.0,198,opel
88,37,51.0,105,52,5,119,57,17,128,135,207,125.0,86,8,16,179.0,183,van
90,43,81.0,231,97,46,150,45,19,149,200,332,164.0,91,5,9,186.0,196,van
80,44,68.0,135,59,8,150,45,19,145,170,329,173.0,80,7,12,180.0,185,bus
113,48,98.0,208,62,9,203,33,23,151,216,613,183.0,64,17,29,193.0,204,saab
97,44,96.0,195,63,9,185,36,22,144,202,512,165.0,66,4,8,191.0,199,saab
91,46,78.0,148,61,9,147,45,19,152,168,323,199.0,70,13,11,189.0,200,van
109,47,96.0,206,64,9,198,33,23,150,219,586,191.0,70,4,13,190.0,198,saab
89,46,74.0,135,59,9,157,44,20,158,170,356,177.0,79,12,3,184.0,191,van
99,53,105.0,219,66,11,204,32,23,165,221,623,224.0,68,0,6,191.0,201,saab
95,49,92.0,193,62,10,178,37,21,154,200,478,171.0,64,2,0,198.0,206,opel
106,54,100.0,227,67,4,250,27,27,162,280,923,262.0,88,5,11,182.0,182,bus
95,42,96.0,197,65,9,178,37,21,141,199,474,,67,1,29,193.0,200,opel
92,38,71.0,174,66,7,154,43,19,133,181,355,130.0,70,4,24,189.0,195,saab
108,52,109.0,182,55,12,216,31,24,171,229,687,214.0,72,10,28,189.0,201,saab
106,53,98.0,154,47,4,237,28,26,164,263,838,222.0,82,4,17,185.0,184,bus
88,43,70.0,177,74,19,152,44,19,143,180,342,168.0,76,1,9,186.0,189,bus
103,49,100.0,194,60,10,185,35,22,160,202,518,178.0,62,13,8,198.0,208,saab
94,47,85.0,333,138,49,155,43,19,155,320,354,187.0,135,12,9,188.0,196,van
85,35,64.0,129,57,6,116,57,17,125,138,200,123.0,65,1,23,196.0,203,van
89,47,85.0,147,58,10,153,44,19,151,175,349,186.0,74,13,7,186.0,197,van
109,48,107.0,215,62,10,205,32,23,158,222,624,168.0,65,9,32,195.0,206,opel
104,54,100.0,186,61,10,216,31,24,173,225,686,220.0,74,5,11,185.0,195,saab
91,52,98.0,196,62,9,193,34,22,161,216,562,244.0,69,3,1,190.0,199,opel
98,52,86.0,207,69,5,192,33,22,161,212,570,221.0,75,4,6,194.0,195,bus
79,40,80.0,133,55,7,147,47,19,135,172,311,144.0,76,8,30,181.0,193,opel
77,38,63.0,135,59,5,130,52,18,130,145,247,139.0,79,13,21,183.0,187,opel
82,43,70.0,250,105,55,139,48,18,145,231,289,172.0,99,4,9,190.0,199,van
89,48,85.0,189,64,8,169,39,20,153,188,427,190.0,64,16,5,195.0,201,saab
83,46,71.0,156,70,6,151,44,19,147,174,338,198.0,80,3,11,181.0,186,bus
95,41,82.0,170,65,9,145,46,19,145,163,314,140.0,64,4,8,199.0,207,van
104,57,103.0,222,72,12,221,30,25,177,223,718,218.0,72,11,12,186.0,195,opel
91,42,66.0,169,66,7,145,44,19,140,169,325,159.0,67,4,0,201.0,207,bus
109,52,95.0,189,58,4,227,29,25,158,262,776,217.0,82,0,19,187.0,186,bus
95,47,73.0,195,70,7,167,38,20,152,184,430,185.0,69,9,19,200.0,206,bus
81,44,72.0,139,60,6,153,44,19,146,180,347,178.0,81,1,15,182.0,186,bus
93,34,66.0,140,56,7,130,51,18,120,151,251,114.0,62,5,29,201.0,207,opel
89,43,77.0,147,54,8,144,46,19,146,163,308,174.0,64,13,5,194.0,201,saab
117,52,110.0,228,65,12,212,31,24,163,228,668,220.0,66,21,25,194.0,205,saab
109,49,109.0,193,59,10,207,32,24,156,225,635,213.0,70,13,31,191.0,202,saab
94,46,79.0,181,62,8,167,40,20,148,190,418,193.0,67,12,15,191.0,198,opel
89,36,69.0,162,63,6,140,48,18,131,164,291,126.0,66,1,38,193.0,204,saab
84,39,90.0,180,60,7,177,37,21,131,209,469,145.0,71,4,38,190.0,198,opel
95,46,76.0,162,66,11,162,42,20,155,175,381,172.0,74,8,4,184.0,193,van
86,47,75.0,165,68,6,154,43,19,146,176,356,190.0,74,7,3,188.0,194,bus
85,40,72.0,139,59,5,132,50,18,135,159,260,150.0,68,3,9,191.0,195,saab
103,55,103.0,211,65,11,212,31,24,165,229,673,249.0,72,5,16,188.0,196,opel
88,44,84.0,135,55,12,155,44,20,158,176,351,164.0,75,7,11,183.0,195,van
98,38,72.0,192,69,5,166,38,20,131,189,427,138.0,70,1,3,200.0,202,bus
89,42,89.0,147,61,11,151,44,19,145,170,338,163.0,72,11,23,187.0,199,van
88,35,50.0,121,58,5,114,59,17,122,132,192,138.0,74,21,4,182.0,187,opel
83,45,73.0,161,68,8,142,46,18,144,169,305,179.0,71,10,3,191.0,199,van
101,51,98.0,194,60,10,195,34,22,161,219,572,219.0,67,0,10,192.0,201,saab
102,45,83.0,198,65,5,194,33,22,146,225,576,167.0,79,0,27,193.0,191,bus
93,43,85.0,133,54,10,155,44,19,153,174,351,165.0,75,12,13,184.0,196,van
94,37,74.0,169,59,7,162,41,20,133,178,394,130.0,63,6,6,198.0,204,opel
104,52,100.0,191,59,9,197,33,23,158,218,583,234.0,70,10,10,191.0,198,saab
87,45,66.0,139,58,8,140,47,18,148,168,294,175.0,73,3,12,188.0,196,van
80,37,57.0,116,55,6,125,54,18,125,142,229,132.0,81,8,5,178.0,184,opel
96,54,104.0,175,58,10,215,31,24,175,221,682,222.0,75,13,23,186.0,194,opel
107,55,103.0,213,68,11,219,30,25,172,221,709,216.0,70,10,7,187.0,197,saab
93,37,70.0,126,52,9,127,53,18,137,156,238,119.0,71,2,13,191.0,190,van
88,39,76.0,155,62,8,137,48,18,137,156,281,124.0,63,3,6,201.0,209,van
106,57,107.0,235,67,6,262,26,28,171,285,987,260.0,86,9,31,180.0,184,bus
84,45,66.0,154,65,6,145,46,19,144,168,312,177.0,73,2,3,184.0,188,bus
90,34,66.0,136,55,6,123,54,17,118,148,224,118.0,65,5,26,196.0,202,saab
100,51,109.0,224,67,9,217,30,24,162,238,704,206.0,72,6,18,189.0,199,opel
93,37,76.0,183,63,8,164,40,20,134,191,405,139.0,67,4,7,192.0,197,saab
94,49,87.0,137,54,11,158,43,20,162,178,366,186.0,75,5,5,183.0,194,van
89,38,80.0,169,59,7,161,41,20,131,186,389,137.0,68,5,15,192.0,197,saab
110,51,104.0,191,57,12,213,31,24,162,226,674,190.0,68,18,2,191.0,199,saab
109,52,104.0,199,60,12,215,31,24,162,220,691,212.0,67,11,7,189.0,199,saab
95,37,71.0,171,61,9,157,43,20,134,178,365,125.0,63,5,40,196.0,208,saab
89,41,76.0,183,73,7,157,42,19,136,181,373,153.0,74,8,12,191.0,195,bus
95,57,104.0,228,74,10,212,31,24,175,224,670,223.0,74,0,4,186.0,193,opel
93,37,73.0,174,68,7,151,43,19,131,175,347,135.0,68,1,22,196.0,205,bus
86,40,66.0,138,59,4,137,49,18,133,162,279,151.0,74,6,14,186.0,190,saab
88,41,80.0,147,62,8,146,45,19,144,169,318,161.0,71,4,16,188.0,197,van
89,44,72.0,160,66,7,144,46,19,147,166,312,169.0,69,11,1,,198,bus
85,42,66.0,120,53,7,149,45,19,145,173,325,163.0,85,5,4,180.0,182,bus
100,58,109.0,230,70,11,226,30,25,182,234,752,207.0,72,0,13,187.0,198,opel
84,38,74.0,138,57,8,139,49,18,127,160,282,127.0,72,9,20,183.0,191,opel
92,43,69.0,158,56,7,149,44,19,143,170,333,168.0,63,14,18,198.0,203,opel
80,44,68.0,120,53,8,151,45,19,146,170,333,190.0,80,4,16,180.0,185,bus
109,54,103.0,205,63,11,222,30,25,175,229,720,213.0,71,6,14,187.0,200,saab
109,49,103.0,186,57,11,206,32,23,156,212,630,186.0,65,12,21,192.0,201,opel
96,55,103.0,201,65,9,204,32,23,166,227,624,246.0,74,6,2,186.0,194,opel
93,41,82.0,159,63,9,144,46,19,143,160,309,127.0,63,6,10,199.0,207,van
83,44,70.0,166,69,5,143,46,18,143,166,306,170.0,69,7,6,188.0,193,bus
91,36,77.0,157,56,7,155,42,19,126,177,361,123.0,65,8,15,195.0,201,saab
89,36,68.0,141,59,8,139,47,18,130,166,291,127.0,73,7,1,189.0,196,van
91,41,93.0,197,65,9,183,36,21,137,202,504,153.0,66,11,24,,200,opel
82,37,59.0,134,63,7,135,51,18,128,151,264,143.0,82,11,24,179.0,185,saab
100,50,81.0,197,67,6,186,34,22,158,206,531,198.0,74,6,1,197.0,198,bus
95,43,71.0,159,64,6,145,45,19,141,169,322,171.0,67,8,4,195.0,200,bus
103,48,101.0,204,62,12,200,33,23,158,215,595,164.0,66,8,22,192.0,202,opel
97,41,92.0,197,63,10,179,37,21,140,197,481,136.0,63,4,3,197.0,204,opel
94,38,88.0,179,60,7,170,39,21,131,188,435,,66,2,28,195.0,204,saab
94,43,82.0,136,54,10,155,43,19,149,176,359,161.0,74,1,6,186.0,197,van
93,44,98.0,197,62,11,183,36,22,146,202,505,152.0,64,4,14,195.0,204,saab
85,34,53.0,127,58,6,116,58,17,121,137,197,127.0,70,3,20,185.0,189,saab
94,43,64.0,173,69,7,150,43,19,142,169,344,177.0,68,9,1,199.0,206,bus
91,45,76.0,171,69,7,150,44,19,144,170,340,179.0,69,12,1,195.0,201,bus
88,44,85.0,139,56,11,157,43,20,155,176,363,175.0,76,5,16,184.0,195,van
83,42,71.0,152,64,7,149,45,19,142,172,331,158.0,74,2,2,184.0,190,bus
96,44,68.0,190,70,7,155,41,19,145,179,372,166.0,67,5,7,202.0,206,bus
97,37,70.0,173,66,7,151,43,19,129,167,346,119.0,65,0,16,201.0,208,bus
94,45,72.0,179,69,6,156,41,19,144,181,373,191.0,69,5,5,193.0,198,bus
89,40,72.0,155,63,7,146,45,19,135,175,321,145.0,72,4,10,,196,bus
92,35,58.0,136,58,6,122,55,17,132,142,222,116.0,64,6,17,197.0,203,van
103,55,100.0,194,62,11,212,31,24,175,217,666,219.0,73,10,14,187.0,194,opel
85,45,65.0,128,56,8,151,45,19,145,170,332,186.0,81,1,10,179.0,184,bus
94,48,87.0,162,64,10,157,43,20,161,179,363,186.0,75,4,15,184.0,195,van
86,36,78.0,146,58,7,135,50,18,124,155,270,148.0,66,0,25,190.0,195,saab
78,36,51.0,116,56,4,120,57,17,124,135,209,135.0,84,1,12,177.0,184,opel
98,44,88.0,176,67,10,158,43,20,149,173,367,154.0,66,14,9,194.0,202,van
89,46,77.0,125,52,10,156,44,20,160,171,351,177.0,78,7,17,183.0,191,van
103,46,106.0,209,66,10,203,33,23,149,217,612,210.0,70,9,10,191.0,199,saab
99,38,74.0,184,66,6,164,39,20,131,193,414,137.0,71,2,22,200.0,202,bus
101,49,103.0,212,67,10,201,33,23,156,215,601,174.0,69,4,11,189.0,196,opel
106,49,106.0,211,64,9,208,32,24,158,224,645,184.0,68,1,24,190.0,202,saab
101,53,103.0,203,63,9,195,34,22,162,210,571,210.0,68,5,5,191.0,198,opel
96,46,88.0,174,68,10,155,43,19,148,173,354,182.0,69,14,15,194.0,202,van
97,44,95.0,202,66,9,188,35,22,144,216,526,175.0,72,15,11,190.0,197,saab
86,41,66.0,129,55,7,135,50,18,136,154,266,165.0,74,3,4,180.0,187,opel
86,44,78.0,164,68,9,142,46,18,147,168,305,171.0,70,1,11,190.0,201,van
105,51,105.0,197,60,11,191,35,22,162,207,545,194.0,64,18,4,196.0,205,saab
101,51,105.0,212,68,10,209,32,24,162,222,653,224.0,73,5,23,186.0,195,opel
93,47,88.0,200,66,7,173,38,21,151,197,452,205.0,66,0,3,195.0,202,saab
95,49,82.0,139,56,11,159,43,20,162,173,365,185.0,75,7,10,182.0,191,van
107,55,103.0,167,49,7,252,27,28,172,269,904,239.0,83,5,30,179.0,186,bus
96,37,74.0,199,74,5,165,39,20,128,188,419,136.0,72,1,3,196.0,200,bus
91,42,84.0,209,75,6,171,38,20,138,189,446,161.0,69,3,12,196.0,201,bus
104,52,110.0,172,53,10,219,30,25,166,235,711,218.0,74,10,28,188.0,198,opel
109,53,109.0,221,69,12,221,31,25,169,226,712,212.0,72,13,28,188.0,201,saab
90,46,80.0,143,62,11,159,43,20,156,169,366,186.0,74,17,7,185.0,193,van
92,41,66.0,125,52,7,139,50,18,143,160,275,161.0,81,7,19,182.0,184,van
88,37,57.0,132,62,6,135,50,18,125,151,265,144.0,83,16,16,180.0,184,saab
100,55,101.0,189,57,10,222,30,25,177,225,731,211.0,71,7,17,188.0,197,opel
95,48,83.0,178,72,10,162,42,20,159,176,379,184.0,70,6,16,187.0,197,van
94,46,77.0,169,60,8,158,42,20,148,181,373,181.0,67,12,2,193.0,199,saab
85,36,72.0,127,56,7,127,54,18,125,144,233,123.0,70,3,30,184.0,194,opel
105,51,93.0,160,51,7,217,30,24,165,240,703,208.0,81,9,25,188.0,188,bus
97,37,76.0,169,60,8,161,41,20,131,189,391,,72,0,0,188.0,192,opel
102,54,98.0,167,53,10,217,31,24,174,228,692,223.0,72,0,31,187.0,198,opel
93,35,78.0,162,60,8,150,45,19,125,172,331,137.0,67,2,33,191.0,198,opel
109,54,109.0,225,68,11,214,31,24,169,226,675,212.0,68,11,32,189.0,202,saab
84,42,76.0,156,64,7,151,44,19,143,179,339,157.0,75,0,20,187.0,193,bus
100,45,100.0,209,65,8,201,32,23,147,231,611,189.0,72,5,5,189.0,195,opel
105,54,106.0,215,68,10,208,32,24,166,217,640,218.0,69,14,23,189.0,199,saab
83,40,59.0,116,53,7,132,52,18,137,145,250,157.0,84,12,6,177.0,183,van
92,43,70.0,124,52,6,139,49,18,144,164,282,172.0,79,4,16,183.0,185,van
85,40,66.0,136,58,6,142,48,19,137,164,295,164.0,77,2,22,182.0,186,saab
107,57,106.0,179,51,8,257,26,28,172,275,954,232.0,83,2,20,181.0,184,bus
89,37,51.0,111,54,5,120,56,17,127,138,213,147.0,82,7,4,,183,van
92,46,82.0,170,58,8,165,40,20,149,181,409,164.0,61,8,11,200.0,208,opel
95,45,,186,62,7,164,40,20,145,188,406,178.0,65,11,18,199.0,204,opel
97,53,105.0,225,71,12,221,30,25,167,226,713,202.0,70,3,20,186.0,200,saab
90,39,57.0,114,48,7,135,51,18,139,155,261,151.0,85,12,8,183.0,182,van
91,46,101.0,199,65,9,196,34,23,146,219,574,199.0,73,5,8,186.0,194,opel
92,37,75.0,191,71,6,161,40,20,128,180,393,135.0,69,1,14,195.0,202,bus
89,47,81.0,156,57,8,161,41,20,149,187,388,197.0,72,9,15,187.0,193,opel
86,39,60.0,140,60,7,119,55,17,134,140,212,141.0,61,7,8,200.0,207,van
89,50,83.0,195,65,6,178,37,21,156,207,481,210.0,71,1,6,189.0,194,opel
107,52,103.0,186,57,11,214,31,24,162,217,676,189.0,66,6,5,189.0,198,opel
85,45,70.0,120,54,7,149,45,19,145,169,326,186.0,81,8,4,181.0,184,bus
90,50,90.0,188,61,10,181,36,21,158,211,492,220.0,69,6,19,191.0,199,saab
108,54,109.0,189,57,11,220,31,25,174,229,709,214.0,70,12,23,189.0,201,saab
91,43,70.0,133,55,8,130,51,18,146,159,253,156.0,70,1,8,190.0,194,van
89,40,69.0,147,58,6,132,50,18,137,155,260,151.0,61,16,6,203.0,209,opel
97,45,72.0,187,71,5,161,40,20,144,178,399,186.0,70,7,7,196.0,203,bus
100,51,109.0,231,70,11,220,30,25,163,238,722,206.0,73,11,19,189.0,198,opel
91,39,88.0,189,63,9,175,38,21,132,197,457,156.0,69,0,23,191.0,198,saab
86,43,,130,56,7,152,44,19,142,177,340,173.0,81,6,14,181.0,185,bus
85,36,66.0,123,55,5,120,56,17,128,140,212,131.0,73,1,18,186.0,190,van
94,49,82.0,137,56,10,159,43,20,160,176,367,186.0,76,10,7,183.0,192,van
85,39,77.0,151,59,8,150,45,19,134,176,331,133.0,73,0,16,184.0,193,opel
85,39,68.0,119,52,5,128,53,18,135,148,241,142.0,75,8,8,182.0,187,van
90,42,63.0,144,59,7,131,50,18,142,154,259,162.0,65,15,3,197.0,204,van
94,45,89.0,213,71,5,186,35,22,145,204,533,182.0,71,4,13,195.0,198,bus
82,45,66.0,252,126,52,148,45,19,144,237,326,185.0,119,1,1,181.0,185,bus
99,50,88.0,204,64,10,185,35,22,159,209,517,193.0,66,12,11,194.0,201,opel
84,38,66.0,138,62,6,126,54,18,132,144,232,139.0,70,4,7,185.0,190,opel
94,50,84.0,138,57,10,156,44,20,170,171,351,187.0,77,5,6,182.0,191,van
90,49,85.0,141,57,11,159,43,20,167,173,365,,75,1,11,182.0,192,van
102,54,98.0,177,56,10,219,31,25,171,219,706,223.0,72,5,17,186.0,196,opel
89,44,70.0,137,58,6,136,49,18,146,168,273,166.0,78,10,3,186.0,187,van
85,45,70.0,130,58,8,151,45,19,146,171,334,187.0,79,2,5,181.0,186,bus
82,43,71.0,154,68,7,150,45,19,143,171,330,173.0,78,7,11,181.0,186,bus
89,47,84.0,133,55,11,157,44,20,160,169,354,176.0,74,5,9,182.0,192,van
81,45,68.0,154,69,22,151,45,19,147,186,335,186.0,88,1,10,180.0,185,bus
93,36,64.0,165,69,8,136,49,18,136,161,279,127.0,67,2,29,193.0,204,van
85,45,71.0,150,63,8,143,46,19,147,171,307,179.0,72,2,3,187.0,196,van
94,46,91.0,175,70,12,157,43,20,155,172,358,192.0,69,15,21,190.0,200,van
88,40,55.0,114,53,7,132,53,18,139,142,249,158.0,87,0,7,176.0,183,van
100,41,75.0,205,71,5,176,36,21,138,204,479,151.0,72,7,19,197.0,197,bus
86,43,69.0,123,54,6,150,46,19,144,174,325,177.0,87,3,7,180.0,182,bus
78,38,63.0,115,51,6,142,47,19,130,162,299,146.0,77,2,4,181.0,185,saab
84,37,70.0,150,61,7,137,49,18,140,156,278,121.0,64,0,23,196.0,205,van
101,52,101.0,197,62,9,188,35,22,162,208,527,203.0,67,14,15,193.0,202,saab
111,58,105.0,183,51,6,265,26,29,174,285,1018,255.0,85,4,8,181.0,183,bus
103,54,107.0,189,56,11,223,30,25,174,225,729,200.0,70,0,29,187.0,201,opel
113,57,109.0,194,56,6,260,26,28,175,288,982,261.0,85,11,21,182.0,183,bus
81,47,69.0,146,64,6,151,44,19,147,171,340,195.0,75,5,0,183.0,188,bus
104,52,101.0,206,62,10,198,33,23,161,207,587,204.0,64,2,5,195.0,204,opel
106,49,107.0,194,57,11,214,31,24,161,224,670,172.0,67,0,39,192.0,206,opel
91,44,66.0,151,63,7,137,48,18,146,166,280,167.0,72,1,9,188.0,194,van
96,41,77.0,177,64,5,177,36,21,134,205,485,148.0,74,0,4,196.0,198,bus
90,46,73.0,137,58,11,161,43,20,158,170,373,186.0,76,0,9,182.0,193,van
81,42,63.0,125,55,8,149,46,19,145,166,320,172.0,86,7,7,,182,bus
87,42,64.0,150,64,10,133,50,18,141,157,265,159.0,67,7,0,193.0,201,van
89,35,70.0,138,58,7,126,53,17,128,147,237,112.0,64,4,19,199.0,207,van
105,54,100.0,220,69,10,221,30,25,170,232,718,202.0,73,0,13,187.0,199,saab
101,56,100.0,215,69,10,208,32,24,169,227,651,223.0,74,6,5,186.0,193,opel
94,45,81.0,166,67,9,145,46,19,147,164,313,179.0,66,11,14,194.0,202,van
89,35,52.0,121,57,4,122,55,17,125,139,220,128.0,82,5,13,181.0,184,saab
82,41,70.0,155,64,7,148,45,19,138,172,328,152.0,72,5,17,187.0,195,bus
86,42,65.0,113,50,8,152,45,19,141,169,332,171.0,85,4,16,179.0,183,bus
90,39,85.0,160,59,7,163,41,20,131,189,396,158.0,71,7,13,186.0,192,saab
88,46,74.0,171,68,6,152,43,19,148,180,349,192.0,71,5,11,189.0,195,bus
91,38,75.0,136,53,6,144,47,19,131,165,305,149.0,69,1,7,186.0,191,saab
86,45,71.0,155,66,7,146,45,19,144,167,322,176.0,72,5,6,189.0,196,bus
86,45,73.0,152,63,6,149,44,19,145,170,335,176.0,71,6,1,189.0,196,bus
98,50,90.0,192,63,9,177,37,21,155,195,472,197.0,65,10,1,193.0,201,saab
85,45,80.0,154,64,9,147,45,19,148,169,324,,71,1,4,188.0,199,van
87,41,66.0,140,58,6,148,46,19,136,164,318,178.0,79,19,2,181.0,185,saab
98,38,70.0,125,52,8,130,53,18,139,157,243,132.0,74,0,13,186.0,185,van
89,41,63.0,134,59,6,123,55,17,137,148,223,150.0,76,12,3,186.0,188,van
106,53,98.0,176,54,10,216,31,24,171,235,691,218.0,74,1,9,187.0,197,saab
88,40,78.0,186,73,6,158,41,20,134,185,379,148.0,73,1,11,193.0,197,bus
93,41,75.0,124,51,7,140,49,18,141,164,284,,77,5,15,184.0,185,van
91,40,98.0,192,64,9,177,38,21,135,194,465,165.0,66,9,35,195.0,205,saab
99,52,104.0,177,55,10,210,32,24,166,219,657,215.0,73,3,2,187.0,194,opel
89,44,70.0,158,64,6,141,47,18,143,164,299,173.0,66,9,11,193.0,199,bus
109,54,103.0,220,66,11,214,31,24,167,229,677,212.0,70,1,23,,201,saab
91,43,88.0,157,61,9,149,45,19,157,165,326,140.0,64,1,26,197.0,207,van
107,56,105.0,202,61,11,221,30,25,179,234,725,212.0,72,15,1,189.0,196,opel
95,43,83.0,198,69,6,177,36,21,139,189,484,163.0,68,6,4,196.0,198,bus
91,37,76.0,138,55,8,132,51,18,135,157,256,124.0,69,0,12,191.0,192,van
89,40,79.0,154,64,9,144,46,19,139,168,311,149.0,71,8,7,188.0,197,van
89,42,70.0,148,62,7,147,45,19,143,176,323,153.0,76,2,6,186.0,189,bus
91,39,82.0,164,68,10,143,46,19,137,164,308,158.0,68,13,9,191.0,201,van
93,39,63.0,146,58,7,128,52,18,134,149,246,158.0,63,9,7,198.0,204,saab
86,40,75.0,146,62,6,140,48,18,135,158,290,162.0,72,3,21,183.0,190,opel
104,53,108.0,206,61,11,217,31,24,168,226,694,209.0,67,0,9,188.0,201,saab
88,43,84.0,136,55,11,154,44,19,150,174,350,164.0,73,6,2,185.0,196,van
92,42,75.0,172,60,8,147,45,19,142,174,322,160.0,62,22,10,206.0,211,opel
99,41,77.0,197,69,6,177,36,21,139,202,485,151.0,72,4,10,198.0,199,bus
85,41,66.0,155,65,22,149,45,19,139,173,330,155.0,75,6,16,184.0,191,bus
87,43,65.0,127,56,8,149,46,19,143,169,322,171.0,85,6,3,180.0,182,bus
112,50,110.0,186,56,11,214,31,24,159,232,676,203.0,71,18,27,191.0,202,saab
81,38,53.0,123,58,6,134,51,18,128,147,259,148.0,83,10,6,177.0,184,opel
90,48,77.0,132,56,10,157,44,20,164,169,354,187.0,78,1,3,182.0,191,van
97,48,94.0,198,63,9,181,36,21,155,200,494,189.0,64,20,11,199.0,203,opel
95,47,88.0,162,64,11,159,43,20,157,176,371,185.0,71,12,13,189.0,198,van
86,43,61.0,119,53,8,150,46,19,144,169,326,172.0,85,8,8,,182,bus
102,54,106.0,221,68,11,207,32,24,164,228,638,238.0,71,0,26,189.0,200,saab
93,43,78.0,166,59,7,151,44,19,141,182,342,174.0,68,15,2,193.0,197,opel
89,45,85.0,149,59,11,158,43,20,158,177,362,173.0,75,12,16,183.0,193,van
105,51,80.0,207,71,6,195,33,22,159,214,579,188.0,75,6,20,194.0,194,bus
108,56,103.0,234,73,10,221,30,25,174,232,718,214.0,73,8,3,187.0,197,saab
89,38,78.0,153,61,7,146,46,19,127,166,314,142.0,69,0,9,187.0,194,opel
97,35,66.0,151,64,8,128,52,18,129,148,246,112.0,66,6,2,195.0,200,van
107,54,108.0,228,68,12,218,31,25,170,223,700,224.0,67,13,25,190.0,204,saab
100,47,70.0,185,70,7,162,40,20,153,179,406,172.0,68,9,6,200.0,205,bus
93,46,82.0,145,58,11,159,43,20,160,180,371,189.0,77,2,4,183.0,194,van
88,39,70.0,166,66,7,148,44,19,134,167,332,143.0,69,5,13,193.0,201,bus
93,42,70.0,131,56,7,127,53,18,145,156,240,152.0,74,5,4,189.0,190,van
97,41,62.0,133,56,7,130,52,18,143,158,247,157.0,78,5,7,184.0,186,van
106,54,103.0,161,47,4,247,27,27,166,266,892,242.0,85,4,11,181.0,183,bus
89,36,51.0,109,52,6,118,57,17,129,137,206,125.0,80,2,14,181.0,185,van
88,38,77.0,156,56,7,163,41,20,129,184,395,140.0,67,1,9,192.0,198,opel
89,47,81.0,147,64,11,156,44,20,163,170,352,188.0,76,6,13,184.0,193,van
93,42,98.0,192,63,9,185,36,22,138,206,508,173.0,70,10,21,189.0,197,saab
76,38,58.0,125,58,5,133,51,18,127,152,259,145.0,87,0,21,177.0,184,opel
104,55,105.0,223,70,10,223,30,25,177,237,737,,75,14,11,188.0,196,opel
104,55,100.0,201,66,10,214,31,24,173,224,680,221.0,74,1,1,185.0,194,saab
116,53,110.0,231,67,12,217,31,24,165,231,692,222.0,67,16,28,192.0,206,saab
83,40,53.0,114,53,6,132,53,18,140,142,247,157.0,86,8,7,176.0,183,van
93,41,79.0,159,63,8,144,46,19,150,165,309,134.0,67,4,9,195.0,203,van
83,36,54.0,119,57,6,128,53,18,125,143,238,139.0,82,6,3,179.0,183,saab
90,43,72.0,157,64,8,136,49,18,145,158,279,167.0,64,4,6,201.0,209,van
84,40,,131,55,7,150,45,19,134,167,330,165.0,80,12,1,180.0,186,opel
87,45,77.0,153,59,7,154,44,19,145,181,350,172.0,75,15,14,184.0,189,opel
86,41,64.0,148,61,5,150,45,19,138,165,333,173.0,80,5,8,182.0,185,saab
90,48,86.0,306,126,49,153,44,19,156,272,346,200.0,118,0,15,185.0,194,van
85,43,66.0,123,55,7,150,45,19,146,172,326,173.0,83,4,15,180.0,183,bus
87,36,53.0,117,58,4,118,57,17,125,138,205,138.0,85,9,15,180.0,183,van
92,40,62.0,144,59,8,127,52,17,139,149,241,150.0,62,13,1,204.0,210,van
90,48,85.0,157,64,11,161,43,20,167,175,375,186.0,74,3,16,185.0,195,van
85,36,51.0,115,56,5,119,57,17,124,139,207,127.0,81,13,5,181.0,184,van
96,40,100.0,178,58,8,181,37,21,134,205,486,160.0,68,5,34,192.0,202,saab
92,37,86.0,167,60,7,158,42,20,131,181,373,144.0,68,9,21,190.0,196,saab
105,54,108.0,234,70,12,215,31,24,168,226,687,228.0,68,4,22,189.0,201,saab
101,55,107.0,200,61,11,225,30,25,178,228,730,204.0,74,8,35,187.0,201,opel
91,39,72.0,133,55,7,146,46,19,132,170,314,149.0,77,9,18,184.0,189,saab
95,43,96.0,202,65,10,189,35,22,143,217,534,,71,6,27,190.0,197,opel
110,54,102.0,201,64,11,213,31,24,171,222,669,221.0,73,17,16,188.0,198,saab
104,53,108.0,204,64,11,220,31,25,172,226,707,203.0,71,14,30,189.0,203,saab
98,39,81.0,191,64,9,166,40,20,138,184,415,131.0,62,8,19,197.0,205,saab
93,39,78.0,164,66,8,139,48,18,140,157,290,126.0,64,4,7,201.0,208,van
93,35,72.0,172,62,7,149,44,19,124,169,334,125.0,62,5,30,203.0,210,opel
100,51,89.0,199,65,6,201,32,23,159,219,622,205.0,74,6,7,193.0,193,bus
85,43,66.0,120,54,5,148,46,19,145,168,320,174.0,87,8,2,179.0,181,bus
96,46,88.0,160,64,9,151,44,19,148,173,339,182.0,70,15,11,192.0,199,van
94,48,83.0,162,64,10,156,43,19,153,177,357,187.0,74,4,14,185.0,196,van
107,54,98.0,210,66,11,218,31,24,169,221,704,216.0,71,14,0,188.0,197,saab
84,44,65.0,128,55,8,150,46,19,148,169,325,176.0,82,1,11,,183,bus
92,38,60.0,130,62,5,114,58,17,132,135,194,137.0,72,14,5,190.0,194,van
98,48,101.0,195,61,11,207,31,23,152,227,650,193.0,71,5,7,189.0,196,opel
93,34,72.0,144,56,6,133,50,18,123,158,263,125.0,63,5,20,200.0,206,saab
93,49,79.0,180,65,7,173,37,21,158,189,463,194.0,70,5,10,197.0,202,bus
101,42,62.0,175,67,6,149,43,19,139,169,341,165.0,65,7,11,202.0,209,bus
94,44,84.0,216,74,6,184,35,22,145,208,525,154.0,73,4,22,196.0,197,bus
96,39,77.0,160,62,8,140,47,18,150,161,294,124.0,62,15,3,201.0,208,van
111,53,108.0,211,61,11,207,32,23,167,217,636,216.0,64,21,2,196.0,205,saab
85,42,64.0,121,55,7,149,46,19,146,167,323,172.0,85,1,6,179.0,182,bus
94,44,70.0,186,72,8,153,42,19,144,171,361,178.0,67,7,2,199.0,206,bus
98,55,104.0,213,67,9,206,32,23,167,223,629,220.0,72,5,19,187.0,196,saab
86,34,62.0,140,61,7,122,54,17,127,141,223,112.0,64,2,14,200.0,208,van
89,44,80.0,191,66,6,162,40,20,143,189,396,180.0,66,13,11,194.0,199,opel
82,44,72.0,118,52,7,152,44,19,147,174,340,177.0,82,2,2,180.0,185,bus
92,38,74.0,178,62,9,161,41,20,135,181,388,132.0,63,7,29,197.0,206,opel
94,43,,170,67,6,142,46,18,142,164,310,177.0,65,10,8,198.0,203,bus
89,36,68.0,149,60,8,133,50,18,134,153,265,119.0,62,6,18,201.0,209,van
96,41,69.0,153,56,7,141,47,18,141,162,297,169.0,61,11,8,202.0,209,saab
94,43,69.0,161,59,7,152,43,19,143,175,349,187.0,67,12,11,193.0,198,saab
97,37,78.0,181,62,8,161,41,20,131,182,389,117.0,62,2,28,203.0,211,opel
92,42,69.0,153,58,8,140,48,18,138,165,290,151.0,64,10,21,199.0,206,opel
89,40,60.0,131,56,6,118,56,17,137,143,209,,65,10,8,193.0,199,van
82,37,66.0,126,54,7,132,52,18,127,148,252,142.0,72,17,7,183.0,187,saab
85,45,82.0,133,56,11,159,43,20,156,170,362,173.0,76,10,21,183.0,193,van
104,50,96.0,211,65,10,187,35,22,156,207,527,195.0,65,3,7,195.0,206,saab
95,51,96.0,196,63,9,190,35,22,161,208,543,235.0,68,13,0,191.0,198,opel
93,51,90.0,209,69,8,183,36,22,156,211,506,230.0,70,6,1,189.0,196,saab
86,38,58.0,119,56,4,118,57,17,129,140,208,152.0,78,9,2,184.0,186,van
82,39,86.0,140,54,7,153,45,19,134,174,338,139.0,71,11,18,183.0,189,opel
91,40,76.0,171,67,7,149,44,19,135,169,332,144.0,68,4,17,192.0,200,bus
100,46,85.0,164,64,11,163,42,20,163,176,387,170.0,71,18,0,189.0,196,van
83,37,49.0,112,55,5,122,55,17,128,144,219,146.0,85,8,16,180.0,184,van
85,43,66.0,123,56,6,148,46,19,145,166,319,171.0,85,6,11,179.0,182,bus
103,49,107.0,179,54,12,208,32,24,159,214,644,183.0,66,1,12,191.0,200,opel
95,44,84.0,158,62,10,145,46,19,148,163,312,166.0,64,10,6,199.0,206,van
85,40,66.0,121,52,4,152,44,19,133,170,340,163.0,87,13,3,180.0,183,opel
82,44,63.0,123,54,7,151,45,19,147,166,329,185.0,81,3,4,179.0,182,bus
91,42,81.0,193,69,5,169,38,20,137,184,434,156.0,68,3,23,198.0,204,bus
90,36,57.0,130,57,6,121,56,17,127,137,216,132.0,68,22,23,190.0,195,saab
91,38,76.0,172,61,8,167,40,20,134,196,415,145.0,71,0,28,189.0,198,opel
85,38,72.0,130,53,9,134,51,18,132,145,261,123.0,65,1,24,188.0,198,opel
80,43,68.0,120,54,8,150,45,19,145,171,329,176.0,85,4,8,179.0,183,bus
83,46,68.0,139,59,6,150,44,19,146,172,336,183.0,74,5,3,185.0,191,bus
82,44,72.0,150,64,7,154,44,19,144,181,350,177.0,80,0,16,183.0,187,bus
87,42,60.0,116,51,6,150,46,19,141,169,324,171.0,85,2,14,178.0,182,bus
94,37,73.0,186,71,7,154,42,19,127,171,362,132.0,67,2,8,197.0,206,bus
93,36,63.0,139,57,8,132,50,18,136,158,260,121.0,67,3,27,193.0,201,van
107,53,108.0,213,64,12,206,32,23,163,216,627,202.0,65,21,22,194.0,205,saab
92,40,82.0,163,63,9,146,45,19,140,165,319,137.0,64,9,0,199.0,206,van
84,35,53.0,122,57,4,116,59,17,123,135,196,128.0,76,10,27,183.0,190,saab
111,54,103.0,171,50,11,221,30,25,172,227,727,201.0,69,15,6,190.0,198,opel
91,49,86.0,195,63,8,177,37,21,156,203,473,201.0,67,7,5,192.0,198,opel
95,36,73.0,191,73,6,156,41,19,126,184,374,124.0,71,2,19,199.0,204,bus
101,53,108.0,184,54,12,216,31,24,172,220,685,187.0,68,4,24,190.0,201,opel
96,40,78.0,170,58,7,174,38,21,139,197,455,160.0,68,3,29,191.0,200,saab
100,48,95.0,209,68,7,199,32,23,150,216,605,200.0,73,7,11,192.0,194,bus
101,52,105.0,162,53,10,212,31,24,163,226,669,204.0,74,12,11,186.0,194,opel
102,43,96.0,197,63,10,185,36,22,142,202,513,139.0,65,8,12,195.0,204,opel
86,35,44.0,110,54,2,119,57,17,121,139,208,137.0,90,6,1,180.0,183,van
86,39,84.0,149,57,8,156,43,20,133,185,358,157.0,74,0,23,183.0,190,opel
85,39,57.0,126,56,6,114,58,17,135,134,195,145.0,64,17,7,197.0,202,van
97,48,105.0,212,64,11,201,33,23,155,212,602,162.0,64,2,7,193.0,202,opel
84,43,76.0,180,75,7,155,43,19,143,180,359,173.0,77,5,12,185.0,190,bus
94,37,72.0,146,60,9,133,50,18,135,161,262,128.0,69,2,7,192.0,195,van
84,36,75.0,136,55,6,140,48,18,125,166,290,138.0,71,4,36,189.0,195,saab
100,54,102.0,206,65,10,198,33,23,164,224,587,240.0,72,4,11,187.0,196,saab
89,38,77.0,161,62,7,149,45,19,129,174,327,153.0,71,6,21,188.0,193,saab
99,43,89.0,195,63,8,186,35,22,144,210,521,166.0,68,6,13,191.0,199,saab
87,38,,123,53,8,137,49,18,127,158,277,145.0,75,0,9,181.0,186,saab
101,55,105.0,182,59,10,215,31,24,177,221,678,223.0,74,12,26,186.0,195,opel
100,46,81.0,187,61,9,166,40,20,154,189,415,,63,13,9,198.0,207,saab
89,38,82.0,156,59,8,153,43,19,129,179,351,137.0,70,1,1,187.0,192,saab
90,47,73.0,136,58,11,161,42,20,153,172,376,185.0,77,11,8,183.0,191,van
106,55,98.0,224,68,11,215,31,24,170,222,679,214.0,68,2,29,189.0,201,opel
77,38,75.0,144,59,6,147,46,19,132,167,315,136.0,80,16,20,181.0,187,opel
81,44,68.0,120,53,6,151,45,19,147,170,333,178.0,86,4,5,179.0,183,bus
86,37,77.0,144,54,7,154,43,19,127,179,352,145.0,71,14,13,186.0,191,opel
86,39,62.0,129,59,6,116,57,17,135,137,203,145.0,64,7,9,199.0,204,van
96,47,77.0,204,72,6,167,38,20,150,188,429,182.0,69,6,16,199.0,203,bus
100,52,104.0,189,59,10,208,32,24,163,220,642,197.0,70,1,22,187.0,198,saab
110,53,104.0,223,66,10,211,32,24,164,223,659,210.0,67,5,16,190.0,203,saab
95,45,105.0,208,64,10,187,36,22,150,202,520,158.0,64,7,32,198.0,211,saab
105,53,105.0,184,57,11,211,31,24,168,224,661,218.0,71,0,15,186.0,197,saab
89,45,77.0,188,64,9,161,41,20,151,190,390,174.0,66,4,2,194.0,201,saab
81,45,68.0,137,60,7,152,45,19,151,167,333,179.0,81,3,13,179.0,183,bus
87,45,82.0,164,60,8,156,42,19,144,181,366,174.0,70,2,2,190.0,196,opel
99,48,104.0,196,63,10,201,33,23,152,221,604,199.0,73,8,4,188.0,197,saab
88,44,71.0,165,70,7,144,46,19,141,167,312,172.0,71,4,4,188.0,193,bus
86,44,70.0,140,64,6,148,45,19,145,170,322,185.0,82,10,1,181.0,183,bus
86,46,73.0,125,57,6,151,45,19,147,170,334,188.0,82,9,11,180.0,184,bus
104,51,108.0,193,59,11,217,31,24,163,232,694,203.0,72,15,22,190.0,201,saab
88,44,71.0,145,56,8,142,48,19,143,159,296,174.0,68,7,18,188.0,197,opel
86,41,66.0,133,56,6,136,49,18,136,155,274,162.0,74,5,14,183.0,189,saab
93,47,84.0,205,71,7,176,36,21,152,190,476,201.0,70,7,19,198.0,201,bus
108,51,100.0,206,63,10,196,34,23,159,214,576,201.0,65,7,16,194.0,205,saab
105,50,93.0,173,54,4,222,30,25,159,254,735,206.0,83,4,12,186.0,184,bus
88,44,77.0,167,59,6,151,44,19,145,175,343,177.0,64,9,12,202.0,208,opel
115,53,100.0,205,64,11,220,30,25,166,229,710,214.0,71,21,11,189.0,199,saab
108,55,105.0,230,68,11,218,30,24,171,228,709,210.0,69,14,4,190.0,197,opel
82,36,51.0,114,53,4,135,50,18,126,150,268,144.0,86,15,4,181.0,182,saab
107,54,96.0,201,62,12,218,31,24,170,221,694,217.0,71,2,21,187.0,198,saab
102,52,98.0,225,71,10,214,31,24,164,228,682,199.0,71,0,16,187.0,196,opel
97,55,96.0,170,54,10,216,31,24,173,219,685,218.0,75,0,4,184.0,193,opel
94,45,85.0,163,68,10,157,44,20,156,170,357,176.0,73,17,11,187.0,195,van
86,44,77.0,155,60,7,152,44,19,141,174,345,161.0,72,9,0,187.0,192,opel
100,52,109.0,225,68,10,222,30,25,165,241,731,207.0,73,7,28,188.0,199,opel
108,56,102.0,246,75,6,239,28,26,167,264,855,228.0,82,9,13,186.0,185,bus
103,51,105.0,174,56,11,210,32,24,163,222,650,222.0,73,8,9,187.0,196,saab
99,54,100.0,199,62,9,200,33,23,166,222,600,241.0,70,2,7,189.0,198,opel
110,58,106.0,180,51,6,261,26,28,171,278,998,257.0,83,9,13,181.0,182,bus
85,42,59.0,132,58,7,149,46,19,144,166,320,172.0,83,8,4,179.0,182,bus
91,45,75.0,154,57,6,150,44,19,146,170,335,180.0,66,16,2,193.0,198,opel
105,52,107.0,207,60,11,218,31,24,167,221,701,197.0,66,0,20,191.0,203,opel
100,46,90.0,172,67,9,157,43,20,150,170,363,184.0,67,17,7,192.0,200,van
92,45,74.0,187,74,7,157,41,19,143,179,375,183.0,70,8,6,,201,bus
108,51,103.0,197,60,11,211,31,24,160,222,661,187.0,67,7,3,190.0,200,opel
100,47,88.0,190,60,10,171,38,21,155,186,440,169.0,59,15,18,201.0,210,saab
100,36,73.0,199,73,6,162,40,20,127,189,401,125.0,72,6,19,200.0,204,bus
97,41,88.0,184,59,9,175,38,21,140,192,459,147.0,63,1,5,196.0,205,saab
85,38,63.0,130,55,7,122,55,17,130,137,219,144.0,64,20,8,195.0,201,opel
97,50,108.0,211,65,10,214,31,24,156,232,683,218.0,72,7,29,188.0,197,opel
89,42,75.0,140,55,6,145,46,19,139,170,312,166.0,71,15,26,191.0,198,opel
89,36,77.0,172,62,8,157,42,19,125,174,367,126.0,63,5,22,198.0,205,opel
104,55,105.0,216,68,11,205,32,23,169,221,623,216.0,71,9,18,189.0,196,opel
94,40,85.0,186,62,9,169,39,20,139,184,430,133.0,61,2,9,200.0,210,saab
90,41,62.0,147,60,6,128,52,18,141,149,246,157.0,61,13,4,201.0,208,van
86,45,66.0,126,57,8,148,46,19,145,170,321,186.0,86,0,7,179.0,182,bus
87,39,74.0,165,66,6,145,45,19,134,173,318,139.0,70,3,21,195.0,200,bus
92,46,79.0,176,64,8,162,41,20,149,183,396,178.0,67,2,10,191.0,198,opel
93,44,90.0,166,65,10,153,44,19,156,170,348,143.0,66,9,17,194.0,203,van
89,41,75.0,162,66,5,153,43,19,136,175,352,154.0,72,2,0,188.0,195,bus
96,46,74.0,202,74,5,163,39,20,149,185,408,191.0,70,7,8,196.0,200,bus
104,57,103.0,216,69,11,219,30,25,176,228,708,219.0,73,4,3,186.0,196,opel
85,44,70.0,205,103,52,149,45,19,144,241,325,188.0,127,9,11,180.0,183,bus
95,46,104.0,208,66,9,191,35,22,148,210,543,169.0,68,0,28,190.0,200,saab
91,43,72.0,142,56,7,149,45,19,140,168,327,165.0,72,13,23,186.0,191,saab
80,34,42.0,110,57,3,114,59,17,119,131,191,121.0,87,4,7,179.0,183,opel
92,40,66.0,111,48,7,139,50,19,140,159,277,148.0,85,12,19,182.0,183,van
110,56,109.0,199,57,5,251,27,27,169,272,928,268.0,82,11,10,183.0,183,bus
95,46,105.0,219,68,9,201,33,23,148,223,602,201.0,69,5,38,191.0,202,opel
89,47,80.0,131,54,11,160,43,20,163,175,369,174.0,77,1,7,182.0,193,van
80,38,64.0,130,59,8,134,51,18,126,152,259,135.0,76,1,23,179.0,188,opel
86,36,66.0,128,57,8,131,52,18,127,148,252,139.0,76,5,27,183.0,187,opel
85,42,66.0,122,54,6,148,46,19,141,172,317,174.0,88,6,14,,182,bus
93,35,66.0,154,59,6,142,46,18,128,162,304,120.0,64,5,13,197.0,202,opel
93,47,85.0,163,66,11,156,44,20,158,172,355,178.0,74,7,15,183.0,195,van
102,54,100.0,163,53,10,213,31,24,173,219,669,201.0,76,12,27,187.0,195,opel
107,54,98.0,203,65,11,218,31,25,167,229,696,216.0,72,1,28,187.0,199,saab
98,48,101.0,203,65,9,197,33,23,152,216,584,174.0,68,2,5,189.0,197,saab
85,35,47.0,110,55,3,117,57,17,122,136,203,139.0,89,5,9,180.0,184,van
102,51,108.0,193,57,10,212,31,24,162,219,663,184.0,66,7,21,191.0,201,opel
82,36,54.0,117,53,7,125,54,18,126,146,229,128.0,78,1,5,180.0,184,saab
96,47,103.0,215,69,10,200,33,23,147,220,598,200.0,73,6,6,187.0,194,opel
87,43,70.0,169,72,7,152,44,19,145,177,341,171.0,76,6,12,184.0,187,bus
92,37,80.0,180,67,8,154,43,19,129,180,353,144.0,69,6,9,190.0,195,saab
91,38,70.0,160,66,25,140,47,18,139,162,296,130.0,67,4,11,192.0,202,van
79,43,72.0,141,62,8,153,44,19,144,175,344,174.0,78,0,8,182.0,188,bus
88,36,53.0,113,57,3,118,57,17,128,137,204,136.0,88,7,14,180.0,183,van
88,37,63.0,130,58,5,125,54,18,130,141,230,145.0,74,14,20,184.0,188,saab
96,40,70.0,120,50,8,137,50,18,141,162,269,139.0,80,10,13,,183,van
104,55,109.0,230,67,12,218,30,24,174,230,706,226.0,67,8,22,191.0,202,opel
85,38,75.0,132,54,7,147,46,19,131,171,318,145.0,75,7,25,183.0,188,saab
97,45,88.0,173,67,10,157,43,20,157,173,365,157.0,67,8,12,192.0,200,van
106,55,96.0,196,60,12,221,30,25,173,225,717,214.0,72,9,13,186.0,196,opel
89,40,89.0,174,58,8,177,37,21,133,202,471,155.0,70,7,18,189.0,196,saab
93,45,86.0,201,69,7,184,35,22,145,203,523,183.0,72,0,4,194.0,197,bus
94,49,79.0,203,71,5,174,37,21,154,196,465,206.0,71,6,2,197.0,199,bus
85,36,78.0,149,55,7,147,45,19,128,168,321,134.0,64,10,24,197.0,203,opel
95,48,104.0,214,67,9,205,32,23,151,227,628,202.0,74,5,9,186.0,193,opel
85,43,66.0,130,57,6,151,45,19,143,173,333,168.0,86,4,9,180.0,183,bus
105,56,98.0,209,64,11,217,31,24,173,225,696,216.0,72,2,19,188.0,199,opel
98,45,76.0,166,60,7,157,42,20,148,184,371,186.0,69,13,10,190.0,196,opel
84,44,77.0,150,59,5,152,44,19,143,175,344,177.0,77,8,2,183.0,187,saab
98,55,101.0,228,70,9,210,31,24,168,236,661,245.0,72,1,6,188.0,197,opel
99,51,88.0,188,62,5,203,32,23,158,222,625,219.0,77,8,26,191.0,190,bus
93,46,85.0,169,66,9,151,44,19,147,169,339,179.0,67,0,4,195.0,204,van
104,53,101.0,199,65,11,213,31,24,168,216,667,221.0,72,12,12,187.0,198,saab
94,45,85.0,160,63,10,158,43,20,157,174,367,162.0,68,1,6,189.0,199,van
90,38,75.0,164,64,7,151,43,19,131,168,345,139.0,66,0,0,195.0,204,bus
108,49,103.0,200,62,10,206,32,23,155,227,635,215.0,72,6,16,189.0,198,saab
104,58,103.0,230,69,11,219,30,25,176,231,716,246.0,71,7,4,187.0,196,opel
102,48,105.0,214,64,10,201,33,23,152,214,600,178.0,64,0,25,192.0,204,saab
106,52,107.0,211,62,8,200,33,23,161,218,602,200.0,67,9,17,194.0,201,opel
81,43,68.0,139,62,7,149,46,19,145,172,323,171.0,83,1,14,180.0,184,bus
106,54,101.0,222,67,12,222,30,25,173,228,721,200.0,70,3,4,187.0,201,saab
83,37,62.0,113,53,6,122,55,17,129,143,218,135.0,79,0,7,181.0,185,van
90,36,74.0,171,60,8,157,42,19,128,177,367,123.0,61,6,21,197.0,204,saab
107,52,101.0,218,64,11,202,33,23,164,219,610,192.0,65,17,2,197.0,206,opel
87,49,86.0,190,64,9,177,37,21,153,197,471,209.0,67,11,7,192.0,199,opel
103,48,96.0,232,71,10,205,32,23,153,226,633,197.0,71,2,15,188.0,196,opel
85,37,80.0,158,59,8,153,44,19,126,179,348,136.0,69,6,21,191.0,197,opel
96,48,83.0,177,59,8,171,39,21,152,195,438,196.0,67,15,0,195.0,201,opel
101,55,101.0,183,57,13,225,30,25,177,225,741,204.0,71,5,10,186.0,198,opel
108,53,,202,64,10,220,30,25,168,224,711,214.0,73,11,10,188.0,199,saab
101,48,85.0,191,60,11,175,38,21,153,192,458,187.0,62,5,22,197.0,210,saab
100,57,107.0,207,63,11,227,30,25,180,234,756,205.0,72,6,19,186.0,198,opel
91,41,84.0,141,57,9,149,45,19,143,170,330,158.0,72,9,14,189.0,199,van
86,43,68.0,150,64,9,138,48,18,143,161,285,174.0,69,6,0,192.0,201,van
88,39,88.0,194,69,8,168,40,20,133,199,416,151.0,74,3,22,186.0,192,opel
87,46,71.0,159,66,6,151,44,19,146,175,343,189.0,73,2,0,186.0,190,bus
87,47,81.0,149,62,9,147,45,19,152,171,325,181.0,72,0,6,188.0,198,van
87,38,85.0,177,61,8,164,40,20,129,186,402,130.0,63,1,25,198.0,205,opel
97,38,75.0,188,68,6,171,37,20,129,199,450,137.0,74,2,6,197.0,199,bus
95,46,92.0,159,63,11,160,42,20,157,176,372,171.0,70,7,21,189.0,200,van
86,38,89.0,176,59,9,169,39,20,132,190,428,148.0,67,7,33,193.0,202,opel
106,52,101.0,213,64,11,201,33,23,158,214,607,204.0,65,2,4,192.0,204,saab
90,47,85.0,149,60,10,155,43,19,155,179,355,186.0,75,1,5,185.0,196,van
94,38,84.0,158,55,9,169,39,20,130,196,430,155.0,69,9,15,190.0,195,opel
87,41,73.0,158,64,7,151,44,19,138,175,341,152.0,73,3,8,190.0,194,bus
98,35,70.0,182,68,5,155,41,19,124,184,371,117.0,71,3,22,202.0,205,bus
101,54,106.0,188,57,7,236,28,26,164,256,833,253.0,81,6,14,185.0,185,bus
96,45,101.0,201,66,9,192,34,22,143,218,552,195.0,73,3,19,189.0,197,saab
93,45,73.0,164,59,7,159,42,20,146,182,379,188.0,65,11,15,195.0,201,opel
89,42,85.0,144,58,10,152,44,19,144,173,345,161.0,72,8,13,187.0,197,van
93,40,62.0,117,49,7,131,52,18,145,160,249,156.0,78,8,6,184.0,184,van
98,46,77.0,199,71,7,166,39,20,150,184,422,180.0,69,13,9,200.0,203,bus
90,47,85.0,145,58,9,152,44,19,155,175,345,184.0,73,4,2,186.0,197,van
96,45,80.0,162,63,9,146,46,19,148,161,316,161.0,64,5,10,199.0,207,van
92,36,78.0,165,57,8,153,43,19,128,169,349,,60,4,19,203.0,211,saab
90,44,72.0,157,64,8,137,48,18,144,159,283,171.0,65,9,4,196.0,203,van
90,38,79.0,185,69,6,160,40,20,130,178,393,133.0,66,2,14,198.0,205,bus
90,48,78.0,143,60,11,161,43,20,159,172,374,186.0,75,2,2,184.0,193,van
89,42,66.0,125,53,7,131,51,18,144,162,254,162.0,73,10,17,188.0,191,van
97,46,94.0,209,67,10,195,34,22,147,224,573,194.0,70,0,14,188.0,197,opel
101,55,108.0,228,69,12,215,31,24,168,229,684,214.0,71,2,16,188.0,199,saab
108,54,103.0,212,65,11,208,32,24,162,228,648,240.0,71,9,0,189.0,197,saab
113,53,93.0,197,62,11,216,31,24,165,221,688,196.0,72,6,25,188.0,199,saab
88,40,69.0,146,59,7,130,51,18,134,147,252,144.0,64,1,1,193.0,200,opel
90,36,78.0,179,64,8,157,42,19,126,182,367,142.0,66,1,20,192.0,198,opel
87,44,98.0,211,70,10,189,35,22,141,214,535,178.0,71,2,21,187.0,194,opel
93,47,83.0,165,60,7,167,40,20,147,197,417,201.0,73,12,4,187.0,192,opel
97,55,104.0,219,71,9,211,32,24,171,222,658,223.0,74,1,24,186.0,196,saab
96,46,70.0,194,70,6,167,39,20,148,183,427,171.0,69,17,10,200.0,203,bus
86,43,70.0,126,56,6,148,46,19,145,166,317,171.0,86,6,9,179.0,182,bus
107,53,103.0,221,66,11,209,32,24,163,222,653,212.0,66,0,1,191.0,201,opel
82,40,73.0,141,57,8,153,44,19,133,173,342,153.0,75,11,9,181.0,187,opel
105,55,96.0,181,56,9,219,30,25,175,231,713,216.0,74,4,5,187.0,194,opel
80,43,68.0,123,53,7,150,46,19,147,169,327,176.0,81,7,14,179.0,184,bus
84,44,80.0,140,58,11,156,44,20,157,166,349,176.0,74,5,17,183.0,193,van
84,37,53.0,121,59,5,123,55,17,125,141,221,133.0,82,7,1,179.0,183,van
96,52,104.0,222,67,9,198,33,23,163,217,589,226.0,67,12,20,192.0,201,opel
98,42,90.0,192,61,9,178,37,21,144,189,480,138.0,61,3,8,199.0,208,saab
82,38,53.0,125,59,5,133,51,18,128,152,259,146.0,87,0,0,177.0,183,opel
83,46,73.0,137,59,6,148,45,19,146,167,327,,75,8,0,185.0,191,bus
87,40,81.0,162,68,10,146,46,19,139,167,317,157.0,70,0,13,189.0,199,van
94,49,87.0,159,64,10,157,43,20,158,179,363,203.0,75,4,0,183.0,194,van
81,43,68.0,148,64,7,150,45,19,144,175,330,171.0,80,1,2,182.0,185,bus
88,36,78.0,160,62,6,140,48,18,123,161,287,129.0,66,4,35,194.0,202,opel
97,45,76.0,175,60,9,157,42,20,149,180,370,169.0,63,16,12,198.0,206,saab
102,54,101.0,190,58,10,222,30,25,171,224,728,203.0,71,13,6,189.0,198,opel
91,36,83.0,162,61,8,142,47,19,128,163,298,137.0,63,0,31,193.0,200,saab
109,51,100.0,197,59,10,192,34,22,161,210,553,195.0,64,14,3,196.0,202,opel
110,46,100.0,197,61,9,193,34,22,149,209,561,160.0,65,11,7,194.0,203,saab
100,46,104.0,184,60,9,197,34,23,147,222,578,198.0,73,13,13,189.0,197,saab
89,47,83.0,169,61,8,164,40,20,150,189,402,190.0,72,7,10,187.0,193,saab
87,44,65.0,124,56,6,149,46,19,144,170,321,171.0,87,4,12,179.0,182,bus
97,47,87.0,164,64,9,156,43,20,149,173,359,182.0,68,1,13,192.0,202,van
86,37,60.0,115,54,5,119,56,17,132,141,209,129.0,72,2,8,186.0,190,van
103,57,105.0,221,69,11,218,30,24,173,226,706,250.0,73,10,2,187.0,195,opel
98,44,78.0,160,63,8,142,47,18,148,160,300,171.0,63,19,2,201.0,207,van
89,36,72.0,141,56,7,138,48,18,126,163,286,130.0,72,1,1,187.0,192,opel
78,43,70.0,147,65,8,147,46,19,145,169,319,168.0,77,1,12,181.0,186,bus
90,48,78.0,142,59,11,160,43,20,160,173,370,185.0,76,10,11,183.0,192,van
85,33,50.0,104,53,4,115,59,17,118,136,193,127.0,83,1,30,179.0,185,saab
84,47,75.0,153,64,6,154,43,19,145,175,354,184.0,75,0,3,185.0,192,bus
106,53,98.0,192,58,11,217,31,24,166,228,693,191.0,71,11,24,188.0,198,opel
97,59,108.0,227,70,11,224,30,25,186,225,732,218.0,70,10,25,186.0,198,opel
99,46,105.0,209,64,11,197,34,23,152,212,575,159.0,65,0,33,194.0,205,opel
82,45,68.0,150,69,5,148,45,19,144,169,322,184.0,80,5,0,181.0,184,bus
85,37,68.0,145,60,6,130,51,18,130,150,253,121.0,65,3,14,195.0,203,van
94,42,68.0,150,64,7,128,52,18,143,154,246,159.0,69,14,5,192.0,196,van
